Part Name,Manufacturer,Compatible Car Models,Price,Stock Availability
"Sensor, Nockenwellenposition",HELLA,142450:  BMW 1 (F40) 118 i 136ps(100kw) Benzin,38.04,1
"Flexrohr, Abgasanlage",HJS,142450:  BMW 1 (F40) 118 i 136ps(100kw) Benzin,90.1,1
"Lader, Aufladung",MEAT & DORIA,142450:  BMW 1 (F40) 118 i 136ps(100kw) Benzin,1473.89,1
"Zündspule ""Green Mobility Parts""",VEMO,142450:  BMW 1 (F40) 118 i 136ps(100kw) Benzin,50.94,1
Zündspule,NGK,142450:  BMW 1 (F40) 118 i 136ps(100kw) Benzin,61.01,1
Zündspule,HELLA,142450:  BMW 1 (F40) 118 i 136ps(100kw) Benzin,50.34,1
Zündspule,BREMI,142450:  BMW 1 (F40) 118 i 136ps(100kw) Benzin,43.94,1
"Zündspule ""OE Equivalent""",FACET,142450:  BMW 1 (F40) 118 i 136ps(100kw) Benzin,36.31,1
"Gasfeder, Koffer-/Laderaum ""//  LIFT-O-MAT®""",STABILUS,142450:  BMW 1 (F40) 118 i 136ps(100kw) Benzin,58.32,1
"Kondensator, Klimaanlage ""EASY FIT""",NRF,142450:  BMW 1 (F40) 118 i 136ps(100kw) Benzin,135.79,1
Reifenschoner 44 x 20 x 4 cm,EAL,142450:  BMW 1 (F40) 118 i 136ps(100kw) Benzin,13.92,1
Reifenstift weiss,HP Autozubehör,142450:  BMW 1 (F40) 118 i 136ps(100kw) Benzin,5.06,1
TYREinflate 830,OSRAM,142450:  BMW 1 (F40) 118 i 136ps(100kw) Benzin,126.49,1
TYREinflate 6000,OSRAM,142450:  BMW 1 (F40) 118 i 136ps(100kw) Benzin,117.38,1
TYREinflate 4000,OSRAM,142450:  BMW 1 (F40) 118 i 136ps(100kw) Benzin,82.93,1
TYREinflate 450,OSRAM,142450:  BMW 1 (F40) 118 i 136ps(100kw) Benzin,54.1,1
TYREinflate 1000,OSRAM,142450:  BMW 1 (F40) 118 i 136ps(100kw) Benzin,75.32,1
TYREinflate 2000,OSRAM,142450:  BMW 1 (F40) 118 i 136ps(100kw) Benzin,61.67,1
TYREinflate 200,OSRAM,142450:  BMW 1 (F40) 118 i 136ps(100kw) Benzin,25.44,1
TYREseal KIT,OSRAM,142450:  BMW 1 (F40) 118 i 136ps(100kw) Benzin,53.57,1
"Heckklappenträger ""Thule OutWay 2bike Platform""",THULE,142450:  BMW 1 (F40) 118 i 136ps(100kw) Benzin,500.17,1
"Lader, Aufladung",MOTAIR TURBO,142450:  BMW 1 (F40) 118 i 136ps(100kw) Benzin,1204.79,1
"Gepäckkorb, Dachträger ""Thule Canyon XT""",THULE,142450:  BMW 1 (F40) 118 i 136ps(100kw) Benzin,471.26,1
Thule Gepäcknetz 595,THULE,142450:  BMW 1 (F40) 118 i 136ps(100kw) Benzin,74.53,1
Caprock cover strips,THULE,142450:  BMW 1 (F40) 118 i 136ps(100kw) Benzin,56.86,1
Thule Canyon Erweiterung,THULE,142450:  BMW 1 (F40) 118 i 136ps(100kw) Benzin,164.93,1
Thule Gepäcknetz 595-1,THULE,142450:  BMW 1 (F40) 118 i 136ps(100kw) Benzin,89.45,1
Caprock railing kit S,THULE,142450:  BMW 1 (F40) 118 i 136ps(100kw) Benzin,324.79,1
Caprock crossbar kit,THULE,142450:  BMW 1 (F40) 118 i 136ps(100kw) Benzin,188.51,1
Caprock cargo box kit,THULE,142450:  BMW 1 (F40) 118 i 136ps(100kw) Benzin,155.99,1
"Dachbox ""Thule BackSpace XT""",THULE,142450:  BMW 1 (F40) 118 i 136ps(100kw) Benzin,615.64,1
"Fahrradhalter, Heckträger ""Thule Onto""",THULE,142450:  BMW 1 (F40) 118 i 136ps(100kw) Benzin,1127.08,1
"Fahrradhalter, Heckträger ""Arcos Box M""",THULE,142450:  BMW 1 (F40) 118 i 136ps(100kw) Benzin,894.32,1
"Fahrradhalter, Heckträger ""Arcos Box L""",THULE,142450:  BMW 1 (F40) 118 i 136ps(100kw) Benzin,941.37,1
Anhängevorrichtung,GDW,142450:  BMW 1 (F40) 118 i 136ps(100kw) Benzin,336.49,1
"Fahrradhalter, Heckträger ""Arcos Platform""",THULE,142450:  BMW 1 (F40) 118 i 136ps(100kw) Benzin,375.41,1
Anhängevorrichtung,GDW,142450:  BMW 1 (F40) 118 i 136ps(100kw) Benzin,382.27,1
Anhängevorrichtung,BOSAL,142450:  BMW 1 (F40) 118 i 136ps(100kw) Benzin,278.09,1
"Anhängevorrichtung ""ORIS Fix""",ACPS-ORIS,142450:  BMW 1 (F40) 118 i 136ps(100kw) Benzin,249.4,1
"Anhängevorrichtung ""F20""",WESTFALIA,142450:  BMW 1 (F40) 118 i 136ps(100kw) Benzin,300.25,1
Anhängevorrichtung,GDW,142450:  BMW 1 (F40) 118 i 136ps(100kw) Benzin,225.11,1
Anhängevorrichtung,BRINK,142450:  BMW 1 (F40) 118 i 136ps(100kw) Benzin,579.73,1
Anhängevorrichtung,BRINK,142450:  BMW 1 (F40) 118 i 136ps(100kw) Benzin,430.5,1
"Elektrosatz, Anhängevorrichtung",BOSAL,142450:  BMW 1 (F40) 118 i 136ps(100kw) Benzin,197.58,1
"Anhängevorrichtung ""BMU""",BRINK,142450:  BMW 1 (F40) 118 i 136ps(100kw) Benzin,351.48,1
"Elektrosatz, Anhängevorrichtung",BOSAL,142450:  BMW 1 (F40) 118 i 136ps(100kw) Benzin,194.54,1
"Elektrosatz, Anhängevorrichtung",WESTFALIA,142450:  BMW 1 (F40) 118 i 136ps(100kw) Benzin,175.04,1
Anhängevorrichtung,BRINK,142450:  BMW 1 (F40) 118 i 136ps(100kw) Benzin,220.77,1
"Elektrosatz, Anhängevorrichtung ""STANDARD E-Satz 7-polig Mehrmodell-spezifisch""",JAEGER,142450:  BMW 1 (F40) 118 i 136ps(100kw) Benzin,169.94,1
"Dachbox ""Thule Force XT M Schwarz Aeroskin""",THULE,142450:  BMW 1 (F40) 118 i 136ps(100kw) Benzin,535.56,1
"Dachbox ""Mania 400 schwarz glänzend""",Menabo,142450:  BMW 1 (F40) 118 i 136ps(100kw) Benzin,258.11,1
"Dachbox ""Kamei  Husky 420 schwarz matt - Duolift""",KAMEI,142450:  BMW 1 (F40) 118 i 136ps(100kw) Benzin,422.25,1
"Dachbox ""Thule Touring M - Titan Aeroskin""",THULE,142450:  BMW 1 (F40) 118 i 136ps(100kw) Benzin,448.32,1
"Dachbox ""Motion 3 M schwarz glänzend""",THULE,142450:  BMW 1 (F40) 118 i 136ps(100kw) Benzin,706.75,1
"Dachbox ""Kamei  Husky 420 schwarz glänzend - Duolift""",KAMEI,142450:  BMW 1 (F40) 118 i 136ps(100kw) Benzin,488.11,1
"Dachbox ""Kamei Husky 330 schwarz hochglänzend - rechtsöffnend""",KAMEI,142450:  BMW 1 (F40) 118 i 136ps(100kw) Benzin,423.11,1
"Dachbox ""Motion 3 Sport schwarz glänzend""",THULE,142450:  BMW 1 (F40) 118 i 136ps(100kw) Benzin,652.76,1
Anhängevorrichtung,ACPS-ORIS,142450:  BMW 1 (F40) 118 i 136ps(100kw) Benzin,693.42,1
Anhängevorrichtung,WESTFALIA,142450:  BMW 1 (F40) 118 i 136ps(100kw) Benzin,694.55,1
Anhängevorrichtung,WESTFALIA,142450:  BMW 1 (F40) 118 i 136ps(100kw) Benzin,548.51,1
Anhängevorrichtung,ACPS-ORIS,142450:  BMW 1 (F40) 118 i 136ps(100kw) Benzin,543.05,1
Anhängevorrichtung,BOSAL,142450:  BMW 1 (F40) 118 i 136ps(100kw) Benzin,539.42,1
"Anhängevorrichtung ""A40V""",WESTFALIA,142450:  BMW 1 (F40) 118 i 136ps(100kw) Benzin,435.02,1
"Anhängevorrichtung ""ORIS AK41""",ACPS-ORIS,142450:  BMW 1 (F40) 118 i 136ps(100kw) Benzin,389.68,1
"Dachbox ""Mania 320 schwarz glänzend""",Menabo,142450:  BMW 1 (F40) 118 i 136ps(100kw) Benzin,209.5,1
"Dachbox ""Kamei Husky 330 schwarz matt - rechtsöffnend""",KAMEI,142450:  BMW 1 (F40) 118 i 136ps(100kw) Benzin,360.96,1
"Dachbox ""Thule Force XT S Schwarz Aeroskin""",THULE,142450:  BMW 1 (F40) 118 i 136ps(100kw) Benzin,436.04,1
"Dachbox ""Thule Force XT Sport Schwarz Aeroskin""",THULE,142450:  BMW 1 (F40) 118 i 136ps(100kw) Benzin,481.53,1
"Dachbox ""Diamond 450 schwarz glänzend Duo-Lift""",Menabo,142450:  BMW 1 (F40) 118 i 136ps(100kw) Benzin,366.87,1
"Dachbox ""Diamond 450 weiß Duo-Lift""",Menabo,142450:  BMW 1 (F40) 118 i 136ps(100kw) Benzin,381.11,1
"Elektrosatz, Anhängevorrichtung ""ORIS E-Set specif. 7 p.""",ACPS-ORIS,142450:  BMW 1 (F40) 118 i 136ps(100kw) Benzin,169.19,1
"Dachbox ""Diamond 450 schwarz glänzend""",Menabo,142450:  BMW 1 (F40) 118 i 136ps(100kw) Benzin,345.43,1
"Dachbox ""Thule Force XT L Schwarz Aeroskin""",THULE,142450:  BMW 1 (F40) 118 i 136ps(100kw) Benzin,577.86,1
"Dachbox ""Diamond 450 weiß""",Menabo,142450:  BMW 1 (F40) 118 i 136ps(100kw) Benzin,342.03,1
"Dachbox ""Motion 3 L schwarz glänzend""",THULE,142450:  BMW 1 (F40) 118 i 136ps(100kw) Benzin,746.62,1
"Dachbox ""Motion 3 L titan glänzend""",THULE,142450:  BMW 1 (F40) 118 i 136ps(100kw) Benzin,746.24,1
"Elektrosatz, Anhängevorrichtung ""ORIS E-Set specif. 13 p.""",ACPS-ORIS,142450:  BMW 1 (F40) 118 i 136ps(100kw) Benzin,163.95,1
"Elektrosatz, Anhängevorrichtung ""PREMIUM E-Satz 13-polig spezifisch,auch für Anhänger mit LED""",JAEGER,142450:  BMW 1 (F40) 118 i 136ps(100kw) Benzin,194.26,1
"Dachbox ""Kamei Base 400 schwarz matt  - Duo-Lift""",KAMEI,142450:  BMW 1 (F40) 118 i 136ps(100kw) Benzin,475.14,1
"Dachbox ""Mania 400 weiß""",Menabo,142450:  BMW 1 (F40) 118 i 136ps(100kw) Benzin,264.61,1
"Elektrosatz, Anhängevorrichtung",BRINK,142450:  BMW 1 (F40) 118 i 136ps(100kw) Benzin,144.38,1
"Elektrosatz, Anhängevorrichtung",BRINK,142450:  BMW 1 (F40) 118 i 136ps(100kw) Benzin,173.09,1
Caprock railing kit M,THULE,142450:  BMW 1 (F40) 118 i 136ps(100kw) Benzin,324.79,1
"Gepäcknetz, Gepäckkorb ""Thule Trail 824 Gepäcknetz""",THULE,142450:  BMW 1 (F40) 118 i 136ps(100kw) Benzin,134.99,1
Ladeluftschlauch,RAPRO,142450:  BMW 1 (F40) 118 i 136ps(100kw) Benzin,107.55,1
Ladeluftschlauch,ORIGINAL IMPERIUM,142450:  BMW 1 (F40) 118 i 136ps(100kw) Benzin,109.4,1
"Montagesatz, Lader",VICTOR REINZ,142450:  BMW 1 (F40) 118 i 136ps(100kw) Benzin,73.5,1
"Dichtung, Abgaskrümmer ""MULTILAYER STEEL""",AJUSA,142450:  BMW 1 (F40) 118 i 136ps(100kw) Benzin,25.88,1
Caprock railing kit XXL,THULE,142450:  BMW 1 (F40) 118 i 136ps(100kw) Benzin,416.7,1
Gasdruckfeder Universal 265mm,KAMEI,142450:  BMW 1 (F40) 118 i 136ps(100kw) Benzin,38.27,1
"Leuchte, Dachbox ""Thule Boxlicht""",THULE,142450:  BMW 1 (F40) 118 i 136ps(100kw) Benzin,81.99,1
Caprock roof platform XXL,THULE,142450:  BMW 1 (F40) 118 i 136ps(100kw) Benzin,1035.51,1
Dachkorb Yellowstone M black,Menabo,142450:  BMW 1 (F40) 118 i 136ps(100kw) Benzin,403.87,1
Caprock roof platform XL,THULE,142450:  BMW 1 (F40) 118 i 136ps(100kw) Benzin,988.45,1
U-Bügelsatz  für Komfort-Schiebebefestigungen,KAMEI,142450:  BMW 1 (F40) 118 i 136ps(100kw) Benzin,27.67,1
"Skihalter, Dachträger ""Thule Box Skiträgeradapter (500)""",THULE,142450:  BMW 1 (F40) 118 i 136ps(100kw) Benzin,58.09,1
"Skihalter, Dachträger ""Thule Box Skiträgeradapter (Alpine)""",THULE,142450:  BMW 1 (F40) 118 i 136ps(100kw) Benzin,58.09,1
Montagesatz für Komfort-Schiebebefestigungen,KAMEI,142450:  BMW 1 (F40) 118 i 136ps(100kw) Benzin,36.3,1
Dachboxen Cover grau XXL,KAMEI,142450:  BMW 1 (F40) 118 i 136ps(100kw) Benzin,69.25,1
Wandhalter für Dachbox,KAMEI,142450:  BMW 1 (F40) 118 i 136ps(100kw) Benzin,157.97,1
Dachboxen Cover grau XL,KAMEI,142450:  BMW 1 (F40) 118 i 136ps(100kw) Benzin,65.92,1
"Schutzhülle, Dachbox ""Thule Box Deckelschutzhülle""",THULE,142450:  BMW 1 (F40) 118 i 136ps(100kw) Benzin,74.53,1
"Dachbox ""Motion 3 XL Low schwarz glänzend""",THULE,142450:  BMW 1 (F40) 118 i 136ps(100kw) Benzin,844.51,1
"Dachbox ""Motion 3 XL Low titan glänzend""",THULE,142450:  BMW 1 (F40) 118 i 136ps(100kw) Benzin,844.36,1
"Dachbox ""Thule Force XT Alpine Schwarz Aeroskin""",THULE,142450:  BMW 1 (F40) 118 i 136ps(100kw) Benzin,630.62,1
"Dachbox ""Thule Touring L - Titan Aeroskin""",THULE,142450:  BMW 1 (F40) 118 i 136ps(100kw) Benzin,490.29,1
"Dachbox ""Kamei Fosco 420 schwarz hochglänzend  - Duo-Lift""",KAMEI,142450:  BMW 1 (F40) 118 i 136ps(100kw) Benzin,682.22,1
"Dachbox ""Kamei Husky 300 schwarz matt""",KAMEI,142450:  BMW 1 (F40) 118 i 136ps(100kw) Benzin,342.83,1
"Dachbox ""Kamei Fosco 420 schwarz matt  - Duo-Lift""",KAMEI,142450:  BMW 1 (F40) 118 i 136ps(100kw) Benzin,611.09,1
Rampen-Alu 150cm gebogen Set,HP Autozubehör,142450:  BMW 1 (F40) 118 i 136ps(100kw) Benzin,157.75,1
Stützfuß 48x700mm,FILMER,142450:  BMW 1 (F40) 118 i 136ps(100kw) Benzin,15.38,1
Auffahrrampe klappbar Stahl einzeln,EAL,142450:  BMW 1 (F40) 118 i 136ps(100kw) Benzin,98.59,1
Stützfuß 48x700mm,EAL,142450:  BMW 1 (F40) 118 i 136ps(100kw) Benzin,21.7,1
Stützfuß 48x700mm,Unitec,142450:  BMW 1 (F40) 118 i 136ps(100kw) Benzin,17.89,1
Stützfuß 48x700mm,HP Autozubehör,142450:  BMW 1 (F40) 118 i 136ps(100kw) Benzin,20.5,1
"Ladungssicherungsseil



",FILMER,142450:  BMW 1 (F40) 118 i 136ps(100kw) Benzin,9.27,1
Anhänger-Kupplungskugel 2000kg,HP Autozubehör,142450:  BMW 1 (F40) 118 i 136ps(100kw) Benzin,23.4,1
"Deichselwaage digital

",FILMER,142450:  BMW 1 (F40) 118 i 136ps(100kw) Benzin,48.37,1
Stützfuß 48x700mm mit Stützradhalter,EAL,142450:  BMW 1 (F40) 118 i 136ps(100kw) Benzin,35.01,1
Deichselwaage 50-100kg,Unitec,142450:  BMW 1 (F40) 118 i 136ps(100kw) Benzin,20.11,1
Stützplatten 4er-Set,FILMER,142450:  BMW 1 (F40) 118 i 136ps(100kw) Benzin,17.4,1
Bodenplatten für Stützböcke 4 Stk.,EAL,142450:  BMW 1 (F40) 118 i 136ps(100kw) Benzin,39.38,1
Wohnwagen- und Anhängerspiegel,FILMER,142450:  BMW 1 (F40) 118 i 136ps(100kw) Benzin,24.72,1
Caravanspiegel 160x115mm,HP Autozubehör,142450:  BMW 1 (F40) 118 i 136ps(100kw) Benzin,22.47,1
Caravanspiegel Totwinkel,HP Autozubehör,142450:  BMW 1 (F40) 118 i 136ps(100kw) Benzin,28.73,1
Caravanspiegel,Unitec,142450:  BMW 1 (F40) 118 i 136ps(100kw) Benzin,19.82,1
"Caravan-Spiegel-Set, links und rechts",EAL,142450:  BMW 1 (F40) 118 i 136ps(100kw) Benzin,31.62,1
Anhängernetz Stretch 2x3m,HP Autozubehör,142450:  BMW 1 (F40) 118 i 136ps(100kw) Benzin,25.4,1
"Anhängernetz Profi 1,5x2,2m",HP Autozubehör,142450:  BMW 1 (F40) 118 i 136ps(100kw) Benzin,25.4,1
Anhängernetz Profi Grün 3x4m,HP Autozubehör,142450:  BMW 1 (F40) 118 i 136ps(100kw) Benzin,55.54,1
Anhängernetz Profi Grün 2x3m,HP Autozubehör,142450:  BMW 1 (F40) 118 i 136ps(100kw) Benzin,40.92,1
"Anhängernetz Profi Grün 2,5x3,5m",HP Autozubehör,142450:  BMW 1 (F40) 118 i 136ps(100kw) Benzin,44.91,1
Abdecknetz Profi 1500x2200mm,EAL,142450:  BMW 1 (F40) 118 i 136ps(100kw) Benzin,32.78,1
"Abdecknetz, elastisch, 1500x2200mm",EAL,142450:  BMW 1 (F40) 118 i 136ps(100kw) Benzin,31.76,1
"Gepäckstrang 10er-Set


",FILMER,142450:  BMW 1 (F40) 118 i 136ps(100kw) Benzin,14.23,1
Kofferraumsicherungsgurt,FILMER,142450:  BMW 1 (F40) 118 i 136ps(100kw) Benzin,9.92,1
"Verzurrgurt 5m



",FILMER,142450:  BMW 1 (F40) 118 i 136ps(100kw) Benzin,9.27,1
"Gepäckstrang 3er-Set




",FILMER,142450:  BMW 1 (F40) 118 i 136ps(100kw) Benzin,9.14,1
"Zurrmulde

",FILMER,142450:  BMW 1 (F40) 118 i 136ps(100kw) Benzin,8.59,1
"Elastikstrang

",FILMER,142450:  BMW 1 (F40) 118 i 136ps(100kw) Benzin,8.11,1
Anhängernetz Grün 2x3m,HP Autozubehör,142450:  BMW 1 (F40) 118 i 136ps(100kw) Benzin,27.74,1
Anhängernetz Stretch 4x3m,HP Autozubehör,142450:  BMW 1 (F40) 118 i 136ps(100kw) Benzin,48.17,1
"Anhänger-/Laubnetz Grün 2,5x1,6m",HP Autozubehör,142450:  BMW 1 (F40) 118 i 136ps(100kw) Benzin,34.75,1
"Kupplungsklaue, 750kg, 50mm eckig",HP Autozubehör,142450:  BMW 1 (F40) 118 i 136ps(100kw) Benzin,38.09,1
"Kupplungsklaue, 3.000kg, 50mm rund",HP Autozubehör,142450:  BMW 1 (F40) 118 i 136ps(100kw) Benzin,55,1
"Kupplungsklaue, 750kg, 50mm rund",FILMER,142450:  BMW 1 (F40) 118 i 136ps(100kw) Benzin,29.8,1
"Kupplungsklaue, 750kg, 60mm rund",HP Autozubehör,142450:  BMW 1 (F40) 118 i 136ps(100kw) Benzin,35.7,1
"Kupplungsklaue, 750kg, 70mm eckig",FILMER,142450:  BMW 1 (F40) 118 i 136ps(100kw) Benzin,29.8,1
"Kupplungsklaue, 750kg, 60mm rund",FILMER,142450:  BMW 1 (F40) 118 i 136ps(100kw) Benzin,29.8,1
"Kupplungsklaue, 750kg, 70mm rund",FILMER,142450:  BMW 1 (F40) 118 i 136ps(100kw) Benzin,29.8,1
"Anhängernetz

",FILMER,142450:  BMW 1 (F40) 118 i 136ps(100kw) Benzin,24.03,1
Abdecknetz Profi 1500x2700mm,EAL,142450:  BMW 1 (F40) 118 i 136ps(100kw) Benzin,42.07,1
"Anhängernetz 1,5x2,7m mit Gummiband",Unitec,142450:  BMW 1 (F40) 118 i 136ps(100kw) Benzin,31.23,1
"Anhängernetz 1,5x2,7m",Unitec,142450:  BMW 1 (F40) 118 i 136ps(100kw) Benzin,25.15,1
"Anhängernetz


",FILMER,142450:  BMW 1 (F40) 118 i 136ps(100kw) Benzin,25.25,1
"Anhängernetz

",FILMER,142450:  BMW 1 (F40) 118 i 136ps(100kw) Benzin,24.97,1
"Anhängernetz 1,5x2,2m mit Gummiband",Unitec,142450:  BMW 1 (F40) 118 i 136ps(100kw) Benzin,18.4,1
Prallschutz für Kupplungsklauen,FILMER,142450:  BMW 1 (F40) 118 i 136ps(100kw) Benzin,5.27,1
"Riemenkrampen 4er-Set

",FILMER,142450:  BMW 1 (F40) 118 i 136ps(100kw) Benzin,5.74,1
Deichselschutzhaube,FILMER,142450:  BMW 1 (F40) 118 i 136ps(100kw) Benzin,15.07,1
Abdecknetz Profi 2000x3000mm,EAL,142450:  BMW 1 (F40) 118 i 136ps(100kw) Benzin,51.74,1
"Expanderschlaufen 4er-Set

",FILMER,142450:  BMW 1 (F40) 118 i 136ps(100kw) Benzin,4.33,1
"Kupplungsklaue, 750kg, 70mm rund",EAL,142450:  BMW 1 (F40) 118 i 136ps(100kw) Benzin,34.23,1
"Kupplungsklaue, 750kg, 70mm eckig",HP Autozubehör,142450:  BMW 1 (F40) 118 i 136ps(100kw) Benzin,38.09,1
"Kupplungsklaue, 750kg, 70mm eckig",EAL,142450:  BMW 1 (F40) 118 i 136ps(100kw) Benzin,36.52,1
"Kupplungsklaue, 750kg, 60mm eckig",Unitec,142450:  BMW 1 (F40) 118 i 136ps(100kw) Benzin,28.24,1
"Kupplungsklaue, bis 750kg belastbar 60mm Aufnahme",LAS,142450:  BMW 1 (F40) 118 i 136ps(100kw) Benzin,13.77,1
Abdecknetz Profi 2000x3500mm,EAL,142450:  BMW 1 (F40) 118 i 136ps(100kw) Benzin,56.8,1
Steckschloss für Kupplungsklaue,EAL,142450:  BMW 1 (F40) 118 i 136ps(100kw) Benzin,9.09,1
Deichselschutzhaube 91x59cm,EAL,142450:  BMW 1 (F40) 118 i 136ps(100kw) Benzin,19.96,1
"Kupplungsklaue, 750kg, 50mm eckig",EAL,142450:  BMW 1 (F40) 118 i 136ps(100kw) Benzin,36.52,1
"Anhängernetz 2,5x4m",Unitec,142450:  BMW 1 (F40) 118 i 136ps(100kw) Benzin,45.42,1
"Kupplungsklaue, 750kg, 60mm eckig",HP Autozubehör,142450:  BMW 1 (F40) 118 i 136ps(100kw) Benzin,38.09,1
Wohnwagenspiegel universell mit Gelenk,EAL,142450:  BMW 1 (F40) 118 i 136ps(100kw) Benzin,33.71,1
"Kupplungsklaue, 750kg, 50mm rund",HP Autozubehör,142450:  BMW 1 (F40) 118 i 136ps(100kw) Benzin,38.09,1
"Kupplungsklaue, 750kg, 70mm rund",HP Autozubehör,142450:  BMW 1 (F40) 118 i 136ps(100kw) Benzin,38.09,1
Teststecker 24V/5-polig,BUSCHING,142450:  BMW 1 (F40) 118 i 136ps(100kw) Benzin,264.73,1
"Testleitung 12V/13-polig, 5 m. Kabel",BUSCHING,142450:  BMW 1 (F40) 118 i 136ps(100kw) Benzin,190.64,1
Teststecker 12V/13-polig,BUSCHING,142450:  BMW 1 (F40) 118 i 136ps(100kw) Benzin,213.3,1
"Teststecker 12V/13-polig WeSt ""MULTICON""",BUSCHING,142450:  BMW 1 (F40) 118 i 136ps(100kw) Benzin,149.48,1
Testleitung 12V/7-polig,BUSCHING,142450:  BMW 1 (F40) 118 i 136ps(100kw) Benzin,133.89,1
Teststecker 24V/7-polig,BUSCHING,142450:  BMW 1 (F40) 118 i 136ps(100kw) Benzin,100.44,1
Teststecker 24V/7-polig,BUSCHING,142450:  BMW 1 (F40) 118 i 136ps(100kw) Benzin,93.04,1
Beleuchtungstester 7&13 polig,Dino Kraftpaket,142450:  BMW 1 (F40) 118 i 136ps(100kw) Benzin,26.45,1
"Kupplungsklaue 2.000kg, 50mm rund",EAL,142450:  BMW 1 (F40) 118 i 136ps(100kw) Benzin,45.01,1
"Kupplungsklaue, 750kg, 70mm rund",Unitec,142450:  BMW 1 (F40) 118 i 136ps(100kw) Benzin,37.48,1
"Kupplungsklaue, 750kg, 60mm rund",Unitec,142450:  BMW 1 (F40) 118 i 136ps(100kw) Benzin,30.12,1
Beleuchtungstester 7&13 polig,HP Autozubehör,142450:  BMW 1 (F40) 118 i 136ps(100kw) Benzin,28.21,1
Teststecker 12V/7-polig,BUSCHING,142450:  BMW 1 (F40) 118 i 136ps(100kw) Benzin,69.59,1
"Deichselwaage

",FILMER,142450:  BMW 1 (F40) 118 i 136ps(100kw) Benzin,18.97,1
"Sicherheits-Kugel

",FILMER,142450:  BMW 1 (F40) 118 i 136ps(100kw) Benzin,5.39,1
Prüfgerät Anhänger Mobil 12V/13pol V0216,BUSCHING,142450:  BMW 1 (F40) 118 i 136ps(100kw) Benzin,787.84,1
Deichselwaage aus Aluminium 50-100 kg,EAL,142450:  BMW 1 (F40) 118 i 136ps(100kw) Benzin,15.49,1
Deichselwaage 50-100kg,HP Autozubehör,142450:  BMW 1 (F40) 118 i 136ps(100kw) Benzin,20.5,1
Deichselwaage 50-100kg,FILMER,142450:  BMW 1 (F40) 118 i 136ps(100kw) Benzin,11.15,1
Zugwagentester 7+13-polig SET,BUSCHING,142450:  BMW 1 (F40) 118 i 136ps(100kw) Benzin,343,1
Beleuchtungstester 7 polig,Unitec,142450:  BMW 1 (F40) 118 i 136ps(100kw) Benzin,32.13,1
"Kupplungskugel

",FILMER,142450:  BMW 1 (F40) 118 i 136ps(100kw) Benzin,23.83,1
"Kupplungskugel

",FILMER,142450:  BMW 1 (F40) 118 i 136ps(100kw) Benzin,27.88,1
Anhänger-Kupplungskugel Dm5cm,HP Autozubehör,142450:  BMW 1 (F40) 118 i 136ps(100kw) Benzin,36.82,1
"Gegenplatte

",FILMER,142450:  BMW 1 (F40) 118 i 136ps(100kw) Benzin,6.4,1
"Gepäckstrang 6er-Set


",FILMER,142450:  BMW 1 (F40) 118 i 136ps(100kw) Benzin,7.76,1
"Karabinerhaken 4er-Set


",FILMER,142450:  BMW 1 (F40) 118 i 136ps(100kw) Benzin,5.75,1
"Absperrband 25 m




",FILMER,142450:  BMW 1 (F40) 118 i 136ps(100kw) Benzin,4.85,1
"Gepäckstrang 6er-Set


",FILMER,142450:  BMW 1 (F40) 118 i 136ps(100kw) Benzin,4.33,1
Ladebordwandhaken rechts,EAL,142450:  BMW 1 (F40) 118 i 136ps(100kw) Benzin,15.91,1
"Rundknöpfe 20er-Set


",FILMER,142450:  BMW 1 (F40) 118 i 136ps(100kw) Benzin,7.76,1
Bordwandverriegelung Set,HP Autozubehör,142450:  BMW 1 (F40) 118 i 136ps(100kw) Benzin,24.97,1
Ladebordwandhaken links,EAL,142450:  BMW 1 (F40) 118 i 136ps(100kw) Benzin,15.91,1
Rampen-Alu 150cm gerade Set,HP Autozubehör,142450:  BMW 1 (F40) 118 i 136ps(100kw) Benzin,155.77,1
"Schutzhülle, Dachbox ""Thule Box Deckelschutzhülle""",THULE,142450:  BMW 1 (F40) 118 i 136ps(100kw) Benzin,81.99,1
Dachboxenlift,Menabo,142450:  BMW 1 (F40) 118 i 136ps(100kw) Benzin,38.12,1
Montagesatz für einfache Schiebebefestigungen,KAMEI,142450:  BMW 1 (F40) 118 i 136ps(100kw) Benzin,49.33,1
"Schutzhülle, Dachbox ""Thule Box Deckelschutzhülle""",THULE,142450:  BMW 1 (F40) 118 i 136ps(100kw) Benzin,74.53,1
Montagesatz für Komfort-Schiebebefestigungen,KAMEI,142450:  BMW 1 (F40) 118 i 136ps(100kw) Benzin,54.51,1
Dachboxen Cover grau L,KAMEI,142450:  BMW 1 (F40) 118 i 136ps(100kw) Benzin,63.36,1
Z-Profil für Komfortschiebebefestigung,KAMEI,142450:  BMW 1 (F40) 118 i 136ps(100kw) Benzin,17.82,1
Wandhalter für Dachbox,Menabo,142450:  BMW 1 (F40) 118 i 136ps(100kw) Benzin,39.27,1
Dachbox Befestigungssatz für Diamond,Menabo,142450:  BMW 1 (F40) 118 i 136ps(100kw) Benzin,20.97,1
"Reflektor 100x50mm gelb, selbstklebend",EAL,142450:  BMW 1 (F40) 118 i 136ps(100kw) Benzin,5.29,1
Rückstrahler universal gelb,HELLA,142450:  BMW 1 (F40) 118 i 136ps(100kw) Benzin,3.8,1
Unterlegkeil mit Halterung,FILMER,142450:  BMW 1 (F40) 118 i 136ps(100kw) Benzin,5.26,1
Rückstrahler universal gelb,HELLA,142450:  BMW 1 (F40) 118 i 136ps(100kw) Benzin,3.8,1
Rückstrahler universal rot,HELLA,142450:  BMW 1 (F40) 118 i 136ps(100kw) Benzin,3.97,1
Unterlegkeil-Halterung,HP Autozubehör,142450:  BMW 1 (F40) 118 i 136ps(100kw) Benzin,2.64,1
UltraMini-Adapter 13- auf 7-polig 12V,BUSCHING,142450:  BMW 1 (F40) 118 i 136ps(100kw) Benzin,15.88,1
Kastensicherung abschließbar für Anhänger,HP Autozubehör,142450:  BMW 1 (F40) 118 i 136ps(100kw) Benzin,22.31,1
Rückstrahler universal rot,HERTH+BUSS JAKOPARTS,142450:  BMW 1 (F40) 118 i 136ps(100kw) Benzin,1.82,1
Unterlegkeil   680kg 2St.,alca,142450:  BMW 1 (F40) 118 i 136ps(100kw) Benzin,14.28,1
Kurzadapter 7.-pol. auf 13.-pol.,FILMER,142450:  BMW 1 (F40) 118 i 136ps(100kw) Benzin,4.29,1
Kurzadapter 13.-pol. auf 7.-pol.,FILMER,142450:  BMW 1 (F40) 118 i 136ps(100kw) Benzin,4.47,1
"Adapterstück 13 auf 7 lang

",FILMER,142450:  BMW 1 (F40) 118 i 136ps(100kw) Benzin,9.26,1
UltraMini-Adapter 7- auf 13-polig 12V,BUSCHING,142450:  BMW 1 (F40) 118 i 136ps(100kw) Benzin,16.36,1
Unterlegkeil mit Halterung,EAL,142450:  BMW 1 (F40) 118 i 136ps(100kw) Benzin,6.89,1
Kurzadapter 13.-pol. auf 7.-pol.,EAL,142450:  BMW 1 (F40) 118 i 136ps(100kw) Benzin,10.27,1
Kurzadapter 7.-pol. auf 13.-pol.,HP Autozubehör,142450:  BMW 1 (F40) 118 i 136ps(100kw) Benzin,7.28,1
Kupplungskugelschutzkappe verchromt mit Schloss,FILMER,142450:  BMW 1 (F40) 118 i 136ps(100kw) Benzin,1.22,1
Kupplungskugelschutzkappe verchromt mit Schloss,HP Autozubehör,142450:  BMW 1 (F40) 118 i 136ps(100kw) Benzin,4.4,1
"Adapter für Anhängerstecker, 7- auf 13-polig",SW-Stahl,142450:  BMW 1 (F40) 118 i 136ps(100kw) Benzin,22.44,1
Kupplungskugelschutzkappe verchromt,FILMER,142450:  BMW 1 (F40) 118 i 136ps(100kw) Benzin,1.18,1
Kupplungskugelschutzkappe,HP Autozubehör,142450:  BMW 1 (F40) 118 i 136ps(100kw) Benzin,6.53,1
"Abdeckkappe AHK



",FILMER,142450:  BMW 1 (F40) 118 i 136ps(100kw) Benzin,2.21,1
Kupplungskugelschutzkappe,EAL,142450:  BMW 1 (F40) 118 i 136ps(100kw) Benzin,1.45,1
Kupplungskugelschutzkappe,EAL,142450:  BMW 1 (F40) 118 i 136ps(100kw) Benzin,3.34,1
Kupplungskugelschutzkappe,FILMER,142450:  BMW 1 (F40) 118 i 136ps(100kw) Benzin,0.84,1
Unterlegkeil mit Halterung,Unitec,142450:  BMW 1 (F40) 118 i 136ps(100kw) Benzin,6.14,1
"Adapter für Anhängerstecker, 13- auf 7-polig",SW-Stahl,142450:  BMW 1 (F40) 118 i 136ps(100kw) Benzin,17.86,1
Car-Stop Unterlegkeil,HP Autozubehör,142450:  BMW 1 (F40) 118 i 136ps(100kw) Benzin,12.41,1
"Unterlegkeil 1,6to",HP Autozubehör,142450:  BMW 1 (F40) 118 i 136ps(100kw) Benzin,8,1
Unterlegkeil-Halterung Set,HP Autozubehör,142450:  BMW 1 (F40) 118 i 136ps(100kw) Benzin,9.37,1
"Unterlegkeil-Set 1,6to",HP Autozubehör,142450:  BMW 1 (F40) 118 i 136ps(100kw) Benzin,17.95,1
Unterlegkeil 1000kg 2St.,Heyner,142450:  BMW 1 (F40) 118 i 136ps(100kw) Benzin,22.95,1
Steckdose 7+1.- pol. Kunststoff,EAL,142450:  BMW 1 (F40) 118 i 136ps(100kw) Benzin,5.2,1
"Sicherheits-Bügelschloss

",FILMER,142450:  BMW 1 (F40) 118 i 136ps(100kw) Benzin,8.59,1
Steckdose 7.- pol. Metall,HP Autozubehör,142450:  BMW 1 (F40) 118 i 136ps(100kw) Benzin,10.13,1
Steckdose 7+1.- pol. Kunststoff,HP Autozubehör,142450:  BMW 1 (F40) 118 i 136ps(100kw) Benzin,8.11,1
Steckdose 7.- pol. Metall,EAL,142450:  BMW 1 (F40) 118 i 136ps(100kw) Benzin,6.45,1
Steckdose 13.- pol. Kunststoff,FILMER,142450:  BMW 1 (F40) 118 i 136ps(100kw) Benzin,6.45,1
Anhängerschloss,FILMER,142450:  BMW 1 (F40) 118 i 136ps(100kw) Benzin,24.01,1
Kastensicherung abschließbar für Anhänger,FILMER,142450:  BMW 1 (F40) 118 i 136ps(100kw) Benzin,23.31,1
Car-Stop Halterungen-Set,HP Autozubehör,142450:  BMW 1 (F40) 118 i 136ps(100kw) Benzin,16.32,1
Ei des Kolumbus Anhängersicherung,HP Autozubehör,142450:  BMW 1 (F40) 118 i 136ps(100kw) Benzin,22.64,1
Rund-Schloß zu 18092,HP Autozubehör,142450:  BMW 1 (F40) 118 i 136ps(100kw) Benzin,13.01,1
"3-fach-Steckdose


",FILMER,142450:  BMW 1 (F40) 118 i 136ps(100kw) Benzin,16.76,1
